{
  "hash": "9231b43a",
  "configHash": "f90dc3eb",
  "lockfileHash": "821933fb",
  "browserHash": "939096de",
  "optimized": {
    "@angular/common": {
      "src": "../../../../../../node_modules/@angular/common/fesm2022/common.mjs",
      "file": "@angular_common.js",
      "fileHash": "c3c0a56f",
      "needsInterop": false
    },
    "@angular/common/http": {
      "src": "../../../../../../node_modules/@angular/common/fesm2022/http.mjs",
      "file": "@angular_common_http.js",
      "fileHash": "792d9237",
      "needsInterop": false
    },
    "@angular/core": {
      "src": "../../../../../../node_modules/@angular/core/fesm2022/core.mjs",
      "file": "@angular_core.js",
      "fileHash": "4d95494d",
      "needsInterop": false
    },
    "@angular/forms": {
      "src": "../../../../../../node_modules/@angular/forms/fesm2022/forms.mjs",
      "file": "@angular_forms.js",
      "fileHash": "482f8d83",
      "needsInterop": false
    },
    "@angular/platform-browser": {
      "src": "../../../../../../node_modules/@angular/platform-browser/fesm2022/platform-browser.mjs",
      "file": "@angular_platform-browser.js",
      "fileHash": "d9ff86e2",
      "needsInterop": false
    },
    "@angular/platform-browser/animations/async": {
      "src": "../../../../../../node_modules/@angular/platform-browser/fesm2022/animations/async.mjs",
      "file": "@angular_platform-browser_animations_async.js",
      "fileHash": "04b9acf9",
      "needsInterop": false
    },
    "@angular/router": {
      "src": "../../../../../../node_modules/@angular/router/fesm2022/router.mjs",
      "file": "@angular_router.js",
      "fileHash": "3d5ba1e9",
      "needsInterop": false
    },
    "emailjs-com": {
      "src": "../../../../../../node_modules/emailjs-com/es/index.js",
      "file": "emailjs-com.js",
      "fileHash": "c83d2fff",
      "needsInterop": false
    },
    "sweetalert2": {
      "src": "../../../../../../node_modules/sweetalert2/dist/sweetalert2.esm.all.js",
      "file": "sweetalert2.js",
      "fileHash": "1929e24b",
      "needsInterop": false
    }
  },
  "chunks": {
    "browser-HJPMV7LK": {
      "file": "browser-HJPMV7LK.js"
    },
    "chunk-WJV4R7CV": {
      "file": "chunk-WJV4R7CV.js"
    },
    "chunk-F2UCAUTN": {
      "file": "chunk-F2UCAUTN.js"
    },
    "chunk-HHJILXV3": {
      "file": "chunk-HHJILXV3.js"
    },
    "chunk-T77VR5TT": {
      "file": "chunk-T77VR5TT.js"
    },
    "chunk-WDMUDEB6": {
      "file": "chunk-WDMUDEB6.js"
    }
  }
}