{
  "hash": "3f647a75",
  "configHash": "616dc598",
  "lockfileHash": "34a0b04c",
  "browserHash": "57c7a960",
  "optimized": {
    "@angular/common": {
      "src": "../../../../../../node_modules/@angular/common/fesm2022/common.mjs",
      "file": "@angular_common.js",
      "fileHash": "848467e8",
      "needsInterop": false
    },
    "@angular/core": {
      "src": "../../../../../../node_modules/@angular/core/fesm2022/core.mjs",
      "file": "@angular_core.js",
      "fileHash": "0f7f402b",
      "needsInterop": false
    },
    "@angular/platform-browser": {
      "src": "../../../../../../node_modules/@angular/platform-browser/fesm2022/platform-browser.mjs",
      "file": "@angular_platform-browser.js",
      "fileHash": "5ae8a888",
      "needsInterop": false
    },
    "@angular/router": {
      "src": "../../../../../../node_modules/@angular/router/fesm2022/router.mjs",
      "file": "@angular_router.js",
      "fileHash": "29ba503c",
      "needsInterop": false
    }
  },
  "chunks": {
    "chunk-TSPAT64E": {
      "file": "chunk-TSPAT64E.js"
    },
    "chunk-CXPCOQ3E": {
      "file": "chunk-CXPCOQ3E.js"
    },
    "chunk-NRIQAXQZ": {
      "file": "chunk-NRIQAXQZ.js"
    }
  }
}