{
  "hash": "2b6cc0c4",
  "configHash": "d86a537b",
  "lockfileHash": "821933fb",
  "browserHash": "c5ec9131",
  "optimized": {
    "@angular/common": {
      "src": "../../../../../../node_modules/@angular/common/fesm2022/common.mjs",
      "file": "@angular_common.js",
      "fileHash": "e65ffafd",
      "needsInterop": false
    },
    "@angular/common/http": {
      "src": "../../../../../../node_modules/@angular/common/fesm2022/http.mjs",
      "file": "@angular_common_http.js",
      "fileHash": "c487fc60",
      "needsInterop": false
    },
    "@angular/core": {
      "src": "../../../../../../node_modules/@angular/core/fesm2022/core.mjs",
      "file": "@angular_core.js",
      "fileHash": "88e3860a",
      "needsInterop": false
    },
    "@angular/forms": {
      "src": "../../../../../../node_modules/@angular/forms/fesm2022/forms.mjs",
      "file": "@angular_forms.js",
      "fileHash": "80d1f0d1",
      "needsInterop": false
    },
    "@angular/platform-browser": {
      "src": "../../../../../../node_modules/@angular/platform-browser/fesm2022/platform-browser.mjs",
      "file": "@angular_platform-browser.js",
      "fileHash": "b142090d",
      "needsInterop": false
    },
    "@angular/platform-browser/animations/async": {
      "src": "../../../../../../node_modules/@angular/platform-browser/fesm2022/animations/async.mjs",
      "file": "@angular_platform-browser_animations_async.js",
      "fileHash": "b2847e6c",
      "needsInterop": false
    },
    "@angular/platform-server": {
      "src": "../../../../../../node_modules/@angular/platform-server/fesm2022/platform-server.mjs",
      "file": "@angular_platform-server.js",
      "fileHash": "cbde188a",
      "needsInterop": false
    },
    "@angular/router": {
      "src": "../../../../../../node_modules/@angular/router/fesm2022/router.mjs",
      "file": "@angular_router.js",
      "fileHash": "d6dd4121",
      "needsInterop": false
    },
    "emailjs-com": {
      "src": "../../../../../../node_modules/emailjs-com/es/index.js",
      "file": "emailjs-com.js",
      "fileHash": "669f0076",
      "needsInterop": false
    },
    "sweetalert2": {
      "src": "../../../../../../node_modules/sweetalert2/dist/sweetalert2.esm.all.js",
      "file": "sweetalert2.js",
      "fileHash": "1bc37da3",
      "needsInterop": false
    }
  },
  "chunks": {
    "browser-WCTBYBG7": {
      "file": "browser-WCTBYBG7.js"
    },
    "chunk-Y3JEREWP": {
      "file": "chunk-Y3JEREWP.js"
    },
    "xhr2-ISERFGGE": {
      "file": "xhr2-ISERFGGE.js"
    },
    "chunk-JDSITVEW": {
      "file": "chunk-JDSITVEW.js"
    },
    "chunk-OVRRIAOM": {
      "file": "chunk-OVRRIAOM.js"
    },
    "chunk-SSRY6LPA": {
      "file": "chunk-SSRY6LPA.js"
    },
    "chunk-CEPGADB3": {
      "file": "chunk-CEPGADB3.js"
    },
    "chunk-NQ4HTGF6": {
      "file": "chunk-NQ4HTGF6.js"
    }
  }
}